{"max": [0.0, 0.61, 0.0], "centroid": [-0.30500011666666677, 0.30500002500000006, -0.02500000000000001], "id": "806f319a7465817814038d588fd1342f", "numVertices": 48, "min": [-0.61, 0.0, -0.05]}
